tax_rate,total_revenue,avg_work_hours,avg_child_xp
0.1,103454.74828746186,6.551647270213447,0.0
0.2,64676.78741485089,6.770674185742876,0.0
0.3,88332.8077896819,6.3495515669615905,0.0
0.4,106450.10657320668,6.662419571097978,0.0
0.5,109164.76576343343,6.5927340842636895,0.0
0.6,114271.4929333044,6.6918275545404,0.0
0.7,102132.42428328983,6.8800480355772535,0.0
0.8,114286.34700532632,6.790230372912262,0.0
0.9,126760.85096590828,6.439581149522134,0.0
